date,open,high,low,close,volume,% daily gain/loss,avg daily price,usd traded
2017-02-10,1.2528,1.3986,1.205,1.2597,193311.03464132,0.5507662835249145,1.3,
2017-02-11,1.2536,1.3,1.2203,1.2279,116942.01681121,-2.05009572431398,1.26,
2017-02-12,1.2245,1.239,1.2001,1.2168,96097.37718899,-0.6288280930992094,1.22,
2017-02-13,1.2181,1.2315,1.15047,1.192,186658.24075848,-2.142681224858387,1.19,
2017-02-14,1.193,1.25767,1.1887,1.2492,258769.27295437,4.710813076278292,1.22,
2017-02-15,1.25,1.28,1.24,1.265,112379.70963859,1.1999999999999922,1.26,
2017-02-16,1.265,1.27433,1.23147,1.235,206355.71018055,-2.371541501976269,1.25,
2017-02-17,1.24,1.25734,1.23,1.23,116654.04708013,-0.8064516129032264,1.24,
2017-02-18,1.2309,1.24618,1.20127,1.222,182495.64452479,-0.7230481761312966,1.22,
2017-02-19,1.2221,1.2385,1.21561,1.21932,63781.74997547,-0.22747729318386423,1.23,
2017-02-20,1.2192,1.2499,1.215,1.23,64800.58191867,0.8858267716535367,1.23,
2017-02-21,1.23,1.2633,1.20744,1.2525,111430.50059974,1.829268292682924,1.24,
2017-02-22,1.257,1.38999,1.216,1.217,78259.19107943,-3.182179793158299,1.3,
2017-02-23,1.2181,1.244,1.203,1.2379,158233.44453816,1.6254823085132617,1.22,
2017-02-24,1.23019,1.255,1.0,1.2125,401924.26613629,-1.4379892536925178,1.13,
2017-02-25,1.2125,1.2209,0.60000013,1.2103,153250.78799029,-0.1814432989690705,0.91,
2017-02-26,1.2108,1.2564,0.60000011,1.24322,229275.08210535,2.6775685497191852,0.93,
2017-02-27,1.25,1.26,1.22431,1.2432,267226.73095459,-0.5439999999999934,1.24,
2017-02-28,1.2355,1.2679,1.21239,1.2311,313005.31666926,-0.356131121003639,1.24,
2017-03-01,1.2373,1.43459,1.217,1.403,799833.85247047,13.39206336377596,1.33,
2017-03-02,1.4025,1.4076,1.33072,1.3607,424715.86497246,-2.980392156862749,1.37,
2017-03-03,1.3724,1.44,1.3228,1.44,351949.89735947,4.925677645001449,1.38,
2017-03-04,1.44,1.4769,1.387,1.4292,304620.20935049,-0.7499999999999946,1.43,
2017-03-05,1.41625,1.435,1.35268,1.3939,166205.11160308,-1.578111209179177,1.39,
2017-03-06,1.3939,1.4399,1.37249,1.4274,126930.58864536,2.403328789726672,1.41,
2017-03-07,1.4318,1.43489,1.34461,1.37,374886.94562277,-4.316245285654411,1.39,
2017-03-08,1.36368,1.3746,1.27668,1.2823,393951.18532072,-5.967675701044234,1.33,
2017-03-09,1.26816,1.34109,1.2467,1.3205,202850.95389917,4.1272394650517334,1.29,
2017-03-10,1.32507,1.4299,1.208,1.2724,860283.74384371,-3.974884345732678,1.32,
2017-03-11,1.297,2.5,1.2809,1.3727,267728.16944652,5.836545875096384,1.89,
2017-03-12,1.38,1.4298,1.33735,1.4202,354509.57143147,2.9130434782608705,1.38,
2017-03-13,1.4193,1.65,1.3543,1.6474,1044777.80565096,16.071302754879163,1.5,
2017-03-14,1.64,1.77736,1.6094,1.6499,862851.27827845,0.6036585365853671,1.69,
2017-03-15,1.65868,1.80159,1.5,1.798,679148.7221902,8.399450165191604,1.65,
2017-03-16,1.7999,2.1,1.73,2.0803,1582148.38413528,15.578643257958763,1.92,
2017-03-17,2.086,2.1748,1.6595,1.8111,1658942.33433817,-13.178331735378713,1.92,
2017-03-18,1.8084,1.8227,1.10000009,1.62041,852681.83963407,-10.395377128953777,1.46,
2017-03-19,1.66448,2.0,1.62101,1.8671,486250.39651744,12.173171200615208,1.81,
2017-03-20,1.8731,1.9715,1.81552,1.9111,540496.33430499,2.028722438737923,1.89,
2017-03-21,1.9065,2.7,1.80000003,2.3647,1390116.81041113,24.033569367951742,2.25,
2017-03-22,2.3647,2.46,2.01001,2.337,846745.36340323,-1.171395948746134,2.24,
2017-03-23,2.3239,2.35579,2.10003,2.23948,444747.0371682,-3.6326864322905528,2.23,
2017-03-24,2.245,2.80000001,2.22731,2.4299,671304.24671599,8.236080178173712,2.51,
2017-03-25,2.418,2.44,2.20702,2.2574,447426.00572024,-6.6418527708850315,2.32,
2017-03-26,2.2704,2.3687,2.22581,2.3186,220803.3153729,2.1229739252995077,2.3,
2017-03-27,2.3189,2.3499,1.85001,2.1072,344788.03969289,-9.129328560955626,2.1,
2017-03-28,2.112,2.339,2.07585,2.253,396438.0934374,6.676136363636365,2.21,
2017-03-29,2.245,2.38,1.9,2.314,390407.76193748,3.073496659242759,2.14,
2017-03-30,2.32011,3.15272,2.2508,2.82,1320369.32664125,21.545961182874937,2.7,
2017-03-31,2.82,2.995,2.58012,2.8126,1303173.78671907,-0.2624113475177174,2.79,
2017-04-01,2.8125,2.84536,2.71001,2.742,210533.20828879,-2.506666666666667,2.78,
2017-04-02,2.733,2.99000001,2.5,2.6355,713412.02838318,-3.5675082327113112,2.75,
2017-04-03,2.60581,2.75,2.48245,2.582,539201.46936468,-0.9137274014605866,2.62,
2017-04-04,2.582,4.19999999,2.2,2.6732,299645.23337865,3.5321456235476445,3.2,
2017-04-05,2.6745,2.82451,2.6202,2.75034,302117.68964501,2.83567021873247,2.72,
2017-04-06,2.7575,2.8375,2.443,2.689,788144.19023638,-2.484134179510418,2.64,
2017-04-07,2.689,2.7548,2.5626,2.7393,364140.14320864,1.8705838601710676,2.66,
2017-04-08,2.74,2.8252,2.652,2.7342,337317.3984165,-0.21167883211679742,2.74,
2017-04-09,2.7342,2.7362,2.40000001,2.67,227170.22287282,-2.348035988588985,2.57,
2017-04-10,2.6699,2.6789,2.5392,2.6456,153728.81460955,-0.910146447432496,2.61,
2017-04-11,2.6457,2.6501,2.56,2.565,139265.85237968,-3.05023245265904,2.61,
2017-04-12,2.5812,2.7015,2.52417,2.656,248860.81003132,2.89787695645437,2.61,
2017-04-13,2.64252,2.6885,2.57194,2.6584,225604.57497111,0.6009415255135125,2.63,
2017-04-14,2.6379,2.7794,2.55,2.63222,396736.41837557,-0.21532279464727058,2.66,
2017-04-15,2.6956,2.73,2.45000002,2.69244,105869.85678361,-0.11722807538211433,2.59,
2017-04-16,2.7005,2.7187,2.58139,2.58544,146298.80448204,-4.260692464358442,2.65,
2017-04-17,2.6592,2.6986,2.55762,2.579,204190.30526349,-3.0159446450060026,2.63,
2017-04-18,2.59987,3.08,2.58,2.9868,657619.58035807,14.88266721028359,2.83,
2017-04-19,2.9944,3.3999,2.7502,3.2203,868171.99366517,7.5440822869356055,3.08,
2017-04-20,3.2451,3.5748,3.02163,3.4131,957280.38511995,5.177036146805959,3.3,
2017-04-21,3.4131,3.513,3.0,3.335,674528.08000626,-2.2882423603176014,3.26,
2017-04-22,3.335,3.4499,3.12003,3.4499,240953.36971409,3.4452773613193406,3.28,
2017-04-23,3.4499,3.82,3.12233,3.82,737559.84833804,10.727847183976344,3.47,
2017-04-24,3.82,4.3489,3.5,4.2855,1348782.66131208,12.185863874345552,3.92,
2017-04-25,4.2888,4.4199,3.50000001,4.2442,909071.03346968,-1.0399179257601188,3.96,
2017-04-26,4.2442,5.0826,3.5,4.59936,1825658.02505509,8.368125913010688,4.29,
2017-04-27,4.986,5.5994,4.59,5.3851,1647030.59678235,8.004412354592874,5.09,
2017-04-28,5.399,5.56,4.6067,4.91998,747084.80556187,-8.87238377477311,5.08,
2017-04-29,4.91939,5.87,4.76158,5.49738,632436.05552324,11.749220939994588,5.32,
2017-04-30,5.8498,7.0081,5.30000001,6.77,1393144.31667182,15.730452323156339,6.15,
2017-05-01,6.7989,7.999,5.95,7.2743,2443594.40784522,6.992307579167226,6.97,
2017-05-02,7.2742,7.99,6.02502,6.41167,1157194.35417568,-11.857386379258205,7.01,
2017-05-03,6.9284,7.2999,5.7947001,7.1799,634177.23402031,3.629986721320941,6.55,
2017-05-04,7.18,7.7,6.66144,7.682,1146243.2605136,6.991643454039006,7.18,
2017-05-05,7.682,7.825,6.78009,7.1706,1253110.31486064,-6.657120541525645,7.3,
2017-05-06,7.0,9.99,6.11,7.1349,497530.39576976,1.9271428571428575,8.05,
2017-05-07,7.1368,7.5062,5.17,6.54057,723911.04118377,-8.354304450173752,6.34,
2017-05-08,7.1001,7.1151,6.16618,6.42,994288.05549343,-9.578738327629194,6.64,
2017-05-09,6.42,6.449,5.0,6.1627,1418032.91147451,-4.007788161993767,5.72,
2017-05-10,6.16,6.8879,5.9,6.41843,731622.89767281,4.195292207792203,6.39,
2017-05-11,6.4325,6.674,5.5,6.3088,454502.53656726,-1.9230470268169506,6.09,
2017-05-12,6.3258,7.5,5.50000001,5.94557,294190.51202784,-6.010781245059914,6.5,
2017-05-13,6.1132,7.0,5.60538,6.0855,373402.54663848,-0.4531178433553667,6.3,
2017-05-14,6.0844,6.95,5.92821,6.7487,584397.39646604,10.918085595950313,6.44,
2017-05-15,6.7486,7.0,6.1595,6.32,497100.80967541,-6.350946863053069,6.58,
2017-05-16,6.21189,7.5,5.8,6.1205,392320.74641107,-1.4712108553113548,6.65,
2017-05-17,6.1145,6.20000001,5.53327,5.904,501892.79253521,-3.442636356202464,5.87,
2017-05-18,5.74101,6.87,5.72508,6.6851,625431.90475762,16.444667401728967,6.3,
2017-05-19,6.54882,7.7,6.34913,7.4449,788243.45979588,13.68307572967343,7.02,
2017-05-20,7.4941,8.0,6.9,6.9,379957.94136169,-7.927569688154683,7.45,
2017-05-21,7.0063,8.0699,6.6455,8.0674,747232.44038505,15.14494098168789,7.36,
2017-05-22,7.95599,9.8,7.66541,8.40099,1990782.3102304,5.593269976457993,8.73,
2017-05-23,8.40102,11.93327667,7.9503,10.804,1126084.55820773,28.6034314880812,9.94,
2017-05-24,10.803,21.88,10.11,18.349,2679251.12386488,69.8509673238915,16.0,
2017-05-25,18.49,24.89999999,13.51,15.62,2153897.89092635,-15.521903731746885,19.2,
2017-05-26,15.503,19.0,12.5,13.902,1016076.78325958,-10.327033477391478,15.75,
2017-05-27,13.854,17.1,9.5,14.792,1657393.29978171,6.770607766709981,13.3,
2017-05-28,14.96,17.0,12.797,15.08,1087711.91616924,0.8021390374331497,14.9,
2017-05-29,15.08,18.49,14.005,15.845,479544.21554129,5.072944297082231,16.25,
2017-05-30,16.25022,17.75,15.201,17.394,816304.32497689,7.0385508626960105,16.48,
2017-05-31,17.395,18.99,14.19,16.022,551028.49883556,-7.893072722046572,16.59,
2017-06-01,16.027,17.40805,15.25,15.541,372135.25168339,-3.0323828539339903,16.33,
2017-06-02,15.541,17.11,15.502,16.18,171488.02860975,4.111704523518431,16.31,
2017-06-03,16.195,17.0,15.061,15.92904,179230.97310922,-1.6422352577956143,16.03,
2017-06-04,15.92904,18.39,15.2,17.063,433702.1738051,7.1188219754611595,16.8,
2017-06-05,17.043,18.49,16.074,16.721,333457.30290701,-1.8893387314439898,17.28,
2017-06-06,16.719,17.80043,16.2,17.086,711407.53752907,2.1951073628805386,17.0,
2017-06-07,17.09,20.0,16.5,16.773,664300.58473294,-1.8548858981860747,18.25,
2017-06-08,16.741,18.69,16.11,17.116,197862.35710455,2.2400095573741114,17.4,
2017-06-09,17.133,18.21,16.5,17.22629,147047.32225827,0.5445047569018833,17.36,
2017-06-10,17.24183,19.056,16.5,18.999,491573.81311698,10.191319598905677,17.78,
2017-06-11,18.999,23.0,17.2,21.89984,984880.32337427,15.268382546449827,20.1,
2017-06-12,23.8,23.8,15.6,19.43999,993579.97102199,-18.319369747899156,19.7,
2017-06-13,19.04938,20.69999999,18.353,20.13865,423998.30434949,5.718138858062567,19.53,
2017-06-14,20.13855,20.94299,16.18467,17.6999,589256.80903623,-12.109362392029215,18.56,
2017-06-15,17.206,18.0001,13.419,17.146,907009.75134503,-0.3487155643380142,15.71,
2017-06-16,16.701,18.7,15.736,17.015,337122.53483473,1.8801269385066766,17.22,
2017-06-17,16.984,22.7,16.1,21.98446,670543.45777372,29.44218087611868,19.4,
2017-06-18,21.648,23.79938,19.383,20.03,885941.32287151,-7.474131559497406,21.59,
2017-06-19,20.01,22.39999,20.0,21.49964,351038.2378898,7.44447776111943,21.2,
2017-06-20,21.479,21.75,19.7,20.55,290895.0982968,-4.325154802365094,20.72,
2017-06-21,20.52292,21.04067,17.605,19.062,482953.1688976,-7.118480216265512,19.32,
2017-06-22,19.16554,19.65282,18.058,19.34859,244498.89181375,0.9550996215081937,18.86,
2017-06-23,19.308,20.344,19.2,19.654,156314.40284053,1.7920033146882126,19.77,
2017-06-24,19.679,19.734,17.502,18.056,211154.85228427,-8.247370293205943,18.62,
2017-06-25,18.024,21.26578,17.1,18.401,571804.77951229,2.0916555703506376,19.18,
2017-06-26,18.4208,19.75395,14.79481,17.481,809678.19908264,-5.101841396682002,17.27,
2017-06-27,17.481,18.35598,14.25,17.994,759925.90624874,2.9346147245580805,16.3,
2017-06-28,18.1998,19.22157,16.66,18.45,443161.80993617,1.3747403817624344,17.94,
2017-06-29,18.73501,18.92338,16.924,17.53,275466.18194739,-6.4318620593210145,17.92,
2017-06-30,17.7511,18.56327,16.899,17.39988,145060.12657647,-1.9785816090270543,17.73,
2017-07-01,17.134,17.54694,15.51,16.50282,185358.91110472,-3.683786623088599,16.53,
2017-07-02,16.245,17.58878,15.653,17.43991,319934.49568632,7.355555555555555,16.62,
2017-07-03,17.36338,19.0,16.503,17.19012,272300.96419382,-0.9978471933459907,17.75,
2017-07-04,18.5,19.0,7.999,17.314,207281.88893733,-6.41081081081081,13.5,
2017-07-05,17.309,18.0,10.0,17.336,124223.19234661,0.15598821422379958,14.0,
2017-07-06,17.337,19.0,16.75,17.56,125667.87693072,1.2862663667301089,17.88,
2017-07-07,17.412,19.469,15.61277,15.966,170781.55869535,-8.30461750516885,17.54,
2017-07-08,15.898,16.38122,14.5,16.28001,310457.39974707,2.402880865517682,15.44,
2017-07-09,16.299,16.8,15.4,15.431,154345.75063601,-5.325480090803119,16.1,
2017-07-10,15.505,17.3,13.277,14.1,531009.47238424,-9.061593034505005,15.29,
2017-07-11,14.162,15.41009,12.0,13.87,656970.65893026,-2.0618556701031037,13.71,
2017-07-12,13.87,19.5,13.119,18.74967,1378764.09771416,35.18147080028839,16.31,
2017-07-13,18.84,19.8,16.22,17.455,709951.49791776,-7.3513800424628535,18.01,
2017-07-14,17.455,17.9317,15.777,16.941,461511.57616891,-2.94471498138069,16.85,
2017-07-15,16.96678,17.0,14.59036,14.7,557104.06107769,-13.36010722128772,15.8,
2017-07-16,14.66,15.491,12.711,14.012,769605.40821647,-4.4201909959072285,14.1,
2017-07-17,14.018,15.55,13.82875,15.058,478535.10624827,7.419032672278493,14.69,
2017-07-18,15.068,16.49,14.5,15.721,515088.33955218,4.333687284311126,15.5,
2017-07-19,15.7,16.1,13.55,14.133,286952.59608869,-9.980891719745225,14.82,
2017-07-20,14.189,16.25,14.15,16.123,428720.86764084,13.63027697512158,15.2,
2017-07-21,16.103,17.64999,15.561,16.041,422294.31807732,-0.3850214245792781,16.61,
2017-07-22,15.979,16.99999,15.9102,16.788,135404.00311171,5.062895049752807,16.46,
2017-07-23,16.813,16.9315,15.5,16.092,159217.14534377,-4.288348301909238,16.22,
2017-07-24,16.11988,16.3915,15.75,15.93543,93068.44989916,-1.1442392871410845,16.07,
2017-07-25,16.0,16.133,13.4,14.7,250526.20015993,-8.125000000000004,14.77,
2017-07-26,14.6995,14.89,14.0,14.646,158871.01705588,-0.36395795775366274,14.44,
2017-07-27,14.658,14.843,14.24743,14.459,158317.21011094,-1.3576204120616717,14.55,
2017-07-28,14.485,14.668,13.7,13.919,205049.77273807,-3.9074905074214636,14.18,
2017-07-29,13.944,14.5257,13.15,14.26,152431.79923273,2.2662076878944273,13.84,
2017-07-30,14.26,14.471,13.457,13.8861,784963.24159196,-2.6220196353436114,13.96,
2017-07-31,13.701,14.0861,13.301,13.814,320827.49024454,0.8247573169841584,13.69,
2017-08-01,13.711,14.89,13.376,14.589,377621.15316103,6.40361753336737,14.13,
2017-08-02,14.585,15.42836,14.0,14.51788,204985.00812685,-0.46019883441893006,14.71,
2017-08-03,14.57008,15.451,14.1,15.244,213499.16112666,4.62536924985998,14.78,
2017-08-04,15.2906,15.3639,14.0,14.9661,156616.88754599,-2.1222188795730625,14.68,
2017-08-05,14.841,15.93999,14.0,15.649,505919.65453374,5.444377063540192,14.97,
2017-08-06,15.649,16.49,14.1,15.413,128895.26137038,-1.5080835836155593,15.29,
2017-08-07,15.45258,15.66193,14.5,15.221,211776.09142408,-1.498649416472843,15.08,
2017-08-08,15.225,16.092,14.6,15.9,249383.88301267,4.433497536945818,15.35,
2017-08-09,15.901,16.5,15.08,15.311,197826.24931162,-3.7104584617319656,15.79,
2017-08-10,15.3988,16.5,14.82913,15.161,161751.20789382,-1.5442761773644702,15.66,
2017-08-11,15.26,16.0,14.822,15.137,125027.65052627,-0.8060288335517649,15.41,
2017-08-12,15.101,15.6,14.37,14.602,153235.22631872,-3.3044169260313923,14.98,
2017-08-13,14.573,15.0,13.0,14.115,206729.7544353,-3.142798325670762,14.0,
2017-08-14,14.142,14.80966,13.10000002,13.996,185800.95700722,-1.0323858011596594,13.95,
2017-08-15,14.05,14.1559,13.01,13.408,193301.86606848,-4.569395017793603,13.58,
2017-08-16,13.449,14.49418,13.15,14.14983,205125.93713449,5.211019406647333,13.82,
2017-08-17,14.048,14.27173,13.502,13.788,122273.78137934,-1.850797266514805,13.89,
2017-08-18,13.765,14.494,11.692,13.456,237614.25802111,-2.2448238285506794,13.09,
2017-08-19,13.455,14.8,12.50004,13.525,137939.81849768,0.5202526941657398,13.65,
2017-08-20,13.526,14.39912,13.268,13.799,159706.29373452,2.0183350584060307,13.83,
2017-08-21,13.795,16.0,13.7,14.653,411041.70150575,6.2196447988401635,14.85,
2017-08-22,14.668,15.6,13.349,14.429,307973.01812072,-1.6293973275156737,14.47,
2017-08-23,14.432,16.7,14.00000001,15.37,873414.17467413,6.499445676274937,15.35,
2017-08-24,15.30106,17.9698754,15.001,15.28,285853.42888332,-0.13763752315199274,16.49,
2017-08-25,15.064,17.0,15.0,15.12884,189928.65923408,0.43043016463090966,16.0,
2017-08-26,15.13731,15.9,14.660001,15.276,122237.48886031,0.9162129863232003,15.28,
2017-08-27,15.22,17.0,14.7800055,16.027,378921.95524708,5.3022339027595295,15.89,
2017-08-28,16.027,16.46,15.38181,15.81,238180.7221932,-1.353965183752421,15.92,
2017-08-29,15.795,17.0,15.366,15.916,189647.9840723,0.7660652105096578,16.18,
2017-08-30,15.904,16.1,15.02,15.963,174868.93179587,0.37097585513078013,15.56,
2017-08-31,15.961,16.95,15.85,16.789,366154.35109887,5.187644884405747,16.4,
2017-09-01,16.789,22.9,16.1,22.5,1926238.25792221,34.016320209661075,19.5,
2017-09-02,22.55,24.45,18.0,19.88,1570908.67405719,-11.840354767184042,21.22,
2017-09-03,19.877,23.999,18.1,19.126,608551.27084285,-3.7782361523368606,21.05,
2017-09-04,19.126,19.5721,15.721,16.4,999357.93527057,-14.252849524207898,17.65,
2017-09-05,16.4,19.9,15.25,17.03,712953.70386693,3.841463414634162,17.58,
2017-09-06,16.972,19.7,16.972,19.241,696763.2787479,13.369078482205976,18.34,
2017-09-07,19.28,19.7,17.876,18.668,524278.60907709,-3.1742738589211714,18.79,
2017-09-08,18.472,18.82,15.896,16.72,632465.7870814,-9.48462537895194,17.36,
2017-09-09,16.635,17.2,15.0,16.318,325961.45343321,-1.9056206792906532,16.1,
2017-09-10,16.38,16.7,14.0,15.235,489550.22355746,-6.990231990231988,15.35,
2017-09-11,15.254,17.09999,14.8,15.242,289313.92536629,-0.0786678903893974,15.95,
2017-09-12,15.268,16.399,14.75,15.003,330779.59085435,-1.7356562745611772,15.57,
2017-09-13,15.065,15.51000101,13.3,14.127,479613.25656422,-6.226352472618645,14.41,
2017-09-14,14.126,14.498,10.18,10.182,1214678.41405119,-27.92014724621265,12.34,
2017-09-15,10.184,13.52,7.7,11.42,2385383.43737913,12.136684996072278,10.61,
2017-09-16,11.42,12.463,10.77,11.171,395285.0067639,-2.18038528896673,11.62,
2017-09-17,11.208,11.9999904,10.25,11.02,224458.98111614,-1.6773733047823036,11.12,
2017-09-18,11.062,13.154,11.061,12.053,689528.52463366,8.95859699873442,12.11,
2017-09-19,12.08,12.277,10.66,11.53,426587.98930841,-4.552980132450337,11.47,
2017-09-20,11.53,11.806,11.01,11.218,363653.51654798,-2.7059843885515993,11.41,
2017-09-21,11.238,11.292,10.001,10.023,538514.33480791,-10.811532301121195,10.65,
2017-09-22,10.032,10.67,9.7571,10.12,346872.37874407,0.8771929824561323,10.21,
2017-09-23,10.135,10.969,10.02,10.586,385096.42026605,4.449925999013325,10.49,
2017-09-24,10.577,10.8,10.25,10.399,228810.52560034,-1.6828968516592684,10.52,
2017-09-25,10.399,11.149,10.369,11.054,311278.03409358,6.298682565631323,10.76,
2017-09-26,11.0,12.285,10.772,11.483,496922.59528084,4.390909090909096,11.53,
2017-09-27,11.481,13.438,11.393,12.955,807090.77757701,12.838602909154256,12.42,
2017-09-28,12.937,13.96,12.65,13.222,764192.77027802,2.2029836901909263,13.3,
2017-09-29,13.228,13.77,12.11,12.715,608998.05843208,-3.878137284547928,12.94,
2017-09-30,12.693,13.6,12.56,13.165,263044.74107184,3.7185850468762274,13.08,
2017-10-01,13.241,15.5999622,12.561,12.914,196151.60008017,-2.4696019938071143,14.08,
2017-10-02,12.809,14.38999,12.331,12.429,191095.76402781,-2.9666640643297604,13.36,
2017-10-03,12.484,12.597,11.75,12.328,202008.6444193,-1.2495994873438048,12.17,
2017-10-04,12.283,12.9,11.61,11.794,183622.61230428,-3.981112106162982,12.26,
2017-10-05,11.8,12.15,11.501,11.962,134890.91949039,1.372881355932195,11.83,
2017-10-06,11.911,12.488,11.865,12.327,118552.48956516,3.492569893375874,12.18,
2017-10-07,12.301,12.8741903,11.54005,12.394,157717.63507265,0.7560360946264529,12.21,
2017-10-08,12.394,12.84845479,12.047,12.115,136213.36928639,-2.2510892367274478,12.45,
2017-10-09,12.127,12.499999,10.833,11.472,231030.35912356,-5.4011709408757405,11.67,
2017-10-10,11.448,11.7,11.219,11.4,200070.36076377,-0.4192872117400423,11.46,
2017-10-11,11.402,12.7489795,11.0,11.449,133714.83667022,0.4122083844939537,11.87,
2017-10-12,11.464,11.99,11.3,11.735,308574.35687009,2.3639218422888955,11.64,
2017-10-13,11.735,12.8,11.105,12.062,416253.1516255,2.7865360034086066,11.95,
2017-10-14,12.067,12.515,11.84,12.2,180787.46183183,1.1021794978039208,12.18,
2017-10-15,12.197,12.5,11.522,11.826,195717.31058241,-3.0417315733376955,12.01,
2017-10-16,11.971,12.21,11.759,11.946,173818.3231225,-0.20883802522763642,11.98,
2017-10-17,11.921,12.478,11.527,11.848,290166.66966454,-0.6123647345021276,12.0,
2017-10-18,11.825,12.2,10.61,11.475,322347.34095804,-2.959830866807608,11.4,
2017-10-19,11.475,11.64,11.1,11.293,135766.98989329,-1.5860566448801776,11.37,
2017-10-20,11.272,11.498,10.995,11.08,188306.0737859,-1.7033356990773612,11.25,
2017-10-21,11.08,11.266,10.634,10.844,140125.15718131,-2.1299638989169734,10.95,
2017-10-22,10.884,11.199,10.5,10.664,155864.55312998,-2.0213156927600204,10.85,
2017-10-23,10.663,10.664,9.632,10.057,634009.70005805,-5.683203601237924,10.15,
2017-10-24,10.067,11.11,9.502,10.442,473842.55560572,3.7250422171451274,10.31,
2017-10-25,10.436,10.759,9.5,10.466,235775.22352895,0.28746646224606515,10.13,
2017-10-26,10.466,10.9,10.152,10.39,158252.50715195,-0.7261609019682662,10.53,
2017-10-27,10.393,10.9,9.7131,10.289,502060.39947523,-1.000673530260762,10.31,
2017-10-28,10.295,10.98,9.5,10.422,291347.46350947,1.233608547838763,10.24,
2017-10-29,10.392,11.5,10.372,10.81,291376.81104523,4.0223248652809955,10.94,
2017-10-30,10.82,11.43,10.4586,10.802,106735.79297942,-0.16635859519409132,10.94,
2017-10-31,10.765,10.887,10.29,10.5,183969.17937917,-2.4616813748258295,10.59,
2017-11-01,10.5,11.3,10.1,10.13,287868.53965727,-3.5238095238095166,10.7,
2017-11-02,10.19,10.55,8.75,9.9888,377357.6665609,-1.9744847890088328,9.65,
2017-11-03,9.9902,12.6,9.899,12.277,973395.71420115,22.89043262397149,11.25,
2017-11-04,12.36,12.52,10.0769741,11.782,748805.66792917,-4.67637540453074,11.3,
2017-11-05,11.77,14.4,11.13885,13.108,1999035.62903266,11.36788445199661,12.77,
2017-11-06,13.124,16.3,12.91,13.834,1799368.41347065,5.409935995123431,14.6,
2017-11-07,13.862,15.5999999,13.1,13.542,729098.31242115,-2.308469196364163,14.35,
2017-11-08,13.555,14.443,13.497,13.908,583631.76966323,2.6042050903725547,13.97,
2017-11-09,13.915,14.526,13.6,14.109,552075.81581376,1.3941789435860643,14.06,
2017-11-10,14.085,15.48,12.964,14.5,1373955.53601093,2.94639687610933,14.22,
2017-11-11,14.403,19.90959992,13.98,19.102,2937265.58650392,32.62514753870721,16.94,
2017-11-12,19.159,23.0,13.75,16.2035,2720298.49140997,-15.426170468187278,18.38,
2017-11-13,16.20726767,17.5,14.11,16.0,1102165.68629474,-1.2788563391450438,15.8,
2017-11-14,16.20000001,19.69336163,15.785,17.405,1429152.97379865,7.438271538618357,17.74,
2017-11-15,17.495,18.19,14.0,17.16,483405.08287253,-1.9148328093741118,16.1,
2017-11-16,17.16,17.272,15.511,16.815,663999.15714603,-2.0104895104895038,16.39,
2017-11-17,16.815,17.866,13.6,16.937,756672.05728597,0.7255426702349086,15.73,
2017-11-18,17.091,18.342,15.51551552,17.615,688223.95189127,3.0659411386109494,16.93,
2017-11-19,17.62,18.2,17.2,17.964,412931.65958637,1.9523269012485676,17.7,
2017-11-20,17.966,19.0,17.2131,18.505,637122.70806412,3.0001113213848263,18.11,
2017-11-21,18.505,18.7,16.983,17.615,676377.24948751,-4.809510942988385,17.84,
2017-11-22,17.614,18.199,17.500001,17.961,289165.53256339,1.9700238446690004,17.85,
2017-11-23,17.986,18.85,17.608,17.929,648840.58460319,-0.316913154675871,18.23,
2017-11-24,17.923,21.388,16.9,20.01,1559481.06464839,11.64425598393128,19.14,
2017-11-25,20.01,22.76,19.52,21.339,1364064.7939748,6.641679160419775,21.14,
2017-11-26,21.337,23.05,19.99875113,21.801,610406.88030924,2.174626236115661,21.52,
2017-11-27,21.801,25.84,20.1,24.677,2408750.04707419,13.192055410302286,22.97,
2017-11-28,24.607,33.99,23.5,31.47000986,3571618.09375568,27.890477750233682,28.74,
2017-11-29,31.399,31.81,20.0,24.324,2318665.9226375,-22.532564731360868,25.9,
2017-11-30,24.307,28.5,21.23,26.0,1797630.45041605,6.965071790019342,24.86,
2017-12-01,25.958,30.5,24.085,28.81,1331359.92423366,10.986978966022038,27.29,
2017-12-02,29.793,30.758,27.7,28.75,786370.96222155,-3.5008223408183103,29.23,
2017-12-03,28.871,31.0,27.187,28.901,653269.058369,0.10391049842402805,29.09,
2017-12-04,28.9,29.752,27.31,29.239,415749.41127357,1.1730103806228451,28.53,
2017-12-05,29.16,29.8,27.75,27.903,535511.98695086,-4.310699588477371,28.78,
2017-12-06,27.903,29.349999,23.703,24.854,866072.88079201,-10.927140450847578,26.53,
2017-12-07,24.85,28.95,23.133,23.335,770585.85668694,-6.096579476861169,26.04,
2017-12-08,23.332,27.846,22.077,27.758,1293693.77783693,18.969655408880502,24.96,
2017-12-09,27.713,31.277,24.686,27.685,1712110.91664727,-0.10103561505431474,27.98,
2017-12-10,27.61,28.9,23.134,25.177,947977.7161606,-8.812024628757696,26.02,
2017-12-11,25.42,29.7,25.157,27.252,1000284.54887798,7.206923682140036,27.43,
2017-12-12,27.173,33.9999923,26.5,29.781,1486155.51692841,9.597762484819492,30.25,
2017-12-13,29.664,34.49,26.184,29.075,2187106.19589309,-1.9855717367853365,30.34,
2017-12-14,29.091,36.0,28.7,31.383,1711555.85780596,7.878725378983184,32.35,
2017-12-15,31.343,33.6682739,26.445,31.343,1406211.34400454,0.0,30.06,
2017-12-16,31.51,39.933675,30.211,33.702,2208668.92362214,6.956521739130424,35.07,
2017-12-17,33.767,39.481425,32.0,33.987,820707.39306318,0.6515236769627116,35.74,
2017-12-18,33.948,44.00595,31.047,38.033,2262632.96791097,12.0331094615294,37.53,
2017-12-19,38.0,44.0,35.058,37.418,2356531.95666274,-1.5315789473684231,39.53,
2017-12-20,37.99,42.799999,34.134,38.999,1999199.90256707,2.6559620952882343,38.47,
2017-12-21,38.999,44.99999999,35.1,37.182,1441429.34801224,-4.659093822918536,40.05,
2017-12-22,37.181,38.0,15.2,27.094,3662454.82120392,-27.129447836260447,26.6,
2017-12-23,27.168,42.01095,26.58,28.358,1090090.39243786,4.3801531213192035,34.3,
2017-12-24,28.357,38.016945,23.404,27.416,1092044.2118887,-3.3184046267235567,30.71,
2017-12-25,27.448,33.130391,26.525,28.456,575733.0509841,3.6723987175750477,29.83,
2017-12-26,28.459,33.9999,28.38,31.37798785,574154.92836312,10.256818054042661,31.19,
2017-12-27,29.878,36.0,27.394,28.698,595905.45904688,-3.949394203092575,31.7,
2017-12-28,28.698,33.083384,24.877,27.169,640417.85319955,-5.327897414453968,28.98,
2017-12-29,26.93,31.213258,25.796,28.68306218,651569.94658934,6.5096998886000765,28.5,
2017-12-30,27.23,32.0,22.6,23.754,939235.89767083,-12.765332354021297,27.3,
2017-12-31,23.655,31.018945,23.5,25.901,481115.06506884,9.494821390826457,27.26,
2018-01-01,25.912,33.9,25.034,29.798,1438472.72674914,14.99691262735412,29.47,
2018-01-02,29.199,36.4,29.12,31.803,1422910.49201511,8.91811363402856,32.76,
2018-01-03,31.871,36.14972301,29.831,34.25,837828.89419509,7.4644661290828695,32.99,
2018-01-04,33.086,39.02,30.499,34.499,1605119.44729598,4.270688508734824,34.76,
2018-01-05,34.498,38.44213436,30.0,31.1,1168569.07454563,-9.849846367905375,34.22,
2018-01-06,30.922,36.9,30.705,33.948,773795.60669141,9.785912942241769,33.8,
2018-01-07,33.957,38.27,32.7,35.401,871126.20355467,4.252436905498137,35.48,
2018-01-08,35.365,39.989,28.25,33.711,1761969.88444683,-4.676940477873613,34.12,
2018-01-09,33.706,40.0,31.029,37.419,1205985.02317182,11.015842876639155,35.51,
2018-01-10,37.411,43.5,32.4,36.344,1556753.04627557,-2.852102322846222,37.95,
2018-01-11,36.343,41.4765,29.627,32.4,1164450.72319562,-10.849407038494357,35.55,
2018-01-12,36.999,40.5,31.011,35.824,816919.86538525,-3.1757615070677696,35.76,
2018-01-13,39.7,147.477,33.8,41.559,1489509.04671937,4.68261964735515,90.64,
2018-01-14,42.36,49.99999,39.101,42.416,2350862.98314496,0.13220018885740648,44.55,
2018-01-15,42.739,48.3,31.499,40.0,1033903.89601307,-6.4086665574767725,39.9,
2018-01-16,40.096,45.715,22.2,27.674,3029406.45761016,-30.98064644852354,33.96,
2018-01-17,27.674,38.0,22.001,28.912,2156706.2383418,4.473513044735129,30.0,
2018-01-18,28.986,41.0,27.426,29.44,1614692.02186461,1.566273373352655,34.21,
2018-01-19,29.376,40.0599,28.152,31.65,1070346.22160729,7.7410130718954155,34.11,
2018-01-20,31.65,42.00795,31.463,34.899,815385.80255142,10.265402843601903,36.74,
2018-01-21,38.9354049,42.0,28.685,30.284,1015175.44335568,-22.219891952375722,35.34,
2018-01-22,30.285,39.0,26.425,29.086,994158.39958491,-3.9590556381046778,32.71,
2018-01-23,29.01,34.5,25.964,31.00000021,853030.35643891,6.859704274388134,30.23,
2018-01-24,28.201,33.12,27.642,29.641,496238.43395321,5.106201907733761,30.38,
2018-01-25,29.692,33.48,28.462,28.971,367586.88742321,-2.428263505321299,30.97,
2018-01-26,31.796,32.46,26.464,28.557,554604.22226799,-10.18681595169204,29.46,
2018-01-27,30.81003081,32.799,28.01,29.6,369144.22939611,-3.9273924049672155,30.4,
2018-01-28,29.662,36.49,29.292,34.66,684234.01223124,16.84984154810868,32.89,
2018-01-29,32.467,34.72,30.006,31.206,457305.50891436,-3.8839436966766234,32.36,
2018-01-30,31.175,33.59,26.066,26.593,886866.97442581,-14.697674418604652,29.83,
2018-01-31,26.675,30.649,25.37,28.827,613186.47688724,8.067478912839741,28.01,
2018-02-01,30.648,34.23423423,22.901,25.02,682364.00899552,-18.363351605324983,28.57,
2018-02-02,25.013,28.0,17.8,24.903,676424.44847828,-0.4397713189141766,22.9,
2018-02-03,23.195,27.818,20.236,27.0,583584.07091526,16.40439749946109,24.03,
2018-02-04,27.0,27.5,19.438,20.776,625053.31986372,-23.051851851851854,23.47,
2018-02-05,20.792,24.6,15.3,16.547,1042615.71045439,-20.416506348595618,19.95,
2018-02-06,18.61000053,21.499,13.75,19.107,1502180.94631722,2.6706042764416766,17.62,
2018-02-07,19.104,23.0,17.175,18.007,690163.46384496,-5.7422529313232715,20.09,
2018-02-08,18.123,23.8,18.006,21.731,612580.09370967,19.908403685923968,20.9,
2018-02-09,21.767,28.0,20.787,25.7,1101405.91971945,18.068636008636926,24.39,
2018-02-10,25.744,29.897795,22.429,25.93,881448.32177774,0.7224984462399003,26.16,
2018-02-11,24.9895,28.2,20.99,23.73,1233305.59447667,-5.040116849076609,24.6,
2018-02-12,23.791,33.0,23.656,30.075,1688213.2745272,26.413349585977887,28.33,
2018-02-13,29.445,37.0,27.777,33.157,2828297.99488235,12.606554593309546,32.39,
2018-02-14,33.157,38.94922001,32.6,34.645,2325688.037519,4.487740145369023,35.77,
2018-02-15,34.99,37.4,31.78,33.672,1226797.80924332,-3.7667905115747495,34.59,
2018-02-16,33.672,37.47,32.035,34.622,729177.92580559,2.821335234022342,34.75,
2018-02-17,34.62,37.73,33.771,34.658,538676.03495805,0.10976314269209651,35.75,
2018-02-18,34.664,37.537425,30.611,35.20678048,993983.14768175,1.5658333717978237,34.07,
2018-02-19,34.27,41.829,33.0,38.376,2162000.33172819,11.981324773854666,37.41,
2018-02-20,38.413,45.56,35.65,36.58,2386197.76904011,-4.7718220394137365,40.61,
2018-02-21,36.577,41.02856068,32.877,34.403,2136437.89444501,-5.943625775760722,36.95,
2018-02-22,34.401,38.34,29.956,31.316,2102403.88571067,-8.967762565041726,34.15,
2018-02-23,31.238,39.0,30.164,36.06,1997758.57314807,15.436327549779124,34.58,
2018-02-24,36.056,41.439,34.5,36.659,2041726.39094793,1.6723984912358596,37.97,
2018-02-25,36.65,40.00000001,33.298,35.066,1037912.94199742,-4.321964529331504,36.65,
2018-02-26,35.116,40.00000001,33.128,35.196,897234.97180882,0.22781637999771698,36.56,
2018-02-27,35.272,39.15,34.65,35.591,880519.03070385,0.9044000907235275,36.9,
2018-02-28,36.82666,38.288,32.714,34.842,872607.42863032,-5.3891935896440195,35.5,
2018-03-01,33.255,36.939,31.355,33.467,918642.91325998,0.6374981205833594,34.15,
2018-03-02,34.41,36.32,29.794,30.42,1280673.10413022,-11.595466434176098,33.06,
2018-03-03,30.488,34.5,28.294,29.5779,1565738.0303469,-2.9851088953030698,31.4,
2018-03-04,28.739,35.0,28.38,29.411,1321958.5659369,2.3382859528863236,31.69,
2018-03-05,29.505,32.0,26.0000001,26.497,1798142.43270603,-10.194882223351971,29.0,
2018-03-06,26.481,29.02,23.16712188,24.774,1125354.8595709,-6.446131188399232,26.09,
2018-03-07,24.725,26.89,19.98,21.834,2066408.53529954,-11.69261880687564,23.44,
2018-03-08,20.530021,27.18,20.18997899,22.2,2432887.70145187,8.134326798788944,23.68,
2018-03-09,21.75000002,25.0,20.01,22.002,2579376.84260439,1.1586205966357384,22.51,
2018-03-10,22.013,24.42,20.1,20.651,969291.2624612,-6.187252986871402,22.26,
2018-03-11,20.668,23.5,19.49,21.371,1210123.25723144,3.4013934584865466,21.49,
2018-03-12,22.09999999,23.999923,19.67,20.32,521463.36339471,-8.054298600929547,21.83,
2018-03-13,20.325,22.15,19.44,20.7256,594653.2266313,1.970971709717101,20.8,
2018-03-14,19.836,21.1,15.885,17.027,1183784.7687918,-14.161121193789059,18.49,
2018-03-15,17.047,21.0,15.56,18.593,2000926.21690468,9.069044406640462,18.28,
2018-03-16,18.593,20.5,17.07,17.594,996385.5610463,-5.372989834884089,18.78,
2018-03-17,18.05479029,19.53045,15.917,16.068,672803.76727598,-11.004228008676574,17.72,
2018-03-18,16.049,18.0,14.215,16.698,1588954.26368878,4.043865661411932,16.11,
2018-03-19,16.733,21.109,16.17,19.49,1507139.99187781,16.476423833144075,18.64,
2018-03-20,19.489,22.633,17.764,20.027,1832397.19704031,2.760531581918006,20.2,
2018-03-21,20.027,23.0,19.006,19.539,1007971.95761902,-2.436710440904776,21.0,
2018-03-22,19.54,22.78,18.301,19.517,976455.69827942,-0.11770726714431774,20.54,
2018-03-23,19.51,20.79,17.858,19.142,898031.55430151,-1.886212198872384,19.32,
2018-03-24,19.144,21.19,18.185,19.36999986,616637.78353952,1.1805258044295952,19.69,
2018-03-25,18.299,20.36,17.806,17.997,357773.5866571,-1.650363407836492,19.08,
2018-03-26,18.016,19.88,15.0,16.303,1364497.67014302,-9.508214920071033,17.44,
2018-03-27,16.279,18.5,15.192,15.819,1127369.47389228,-2.8257263959702628,16.85,
2018-03-28,15.773,18.16,15.65,16.049,485744.12929918,1.749825651429657,16.9,
2018-03-29,16.036,17.68,14.451,14.706,975658.17651577,-8.293838862559252,16.07,
2018-03-30,14.717,17.0,13.76,14.34,1086804.51331286,-2.5616633824828474,15.38,
2018-03-31,14.34,16.99,14.187,14.31,399458.5259825,-0.20920502092049764,15.59,
2018-04-01,16.0,16.83,13.03,13.555,621159.74959083,-15.281250000000002,14.93,
2018-04-02,13.56,16.959375,13.445,14.27999,341570.60941407,5.309660766961646,15.2,
2018-04-03,14.079,17.116366,13.916,15.054,633394.26183404,6.925207756232685,15.52,
2018-04-04,15.264,17.15,13.256,13.83,570685.84850053,-9.39465408805031,15.2,
2018-04-05,14.447133,16.1,13.102,13.65,450000.80203419,-5.517586084380886,14.6,
2018-04-06,13.659,15.9,12.966,13.094,372723.40708399,-4.136466798447919,14.43,
2018-04-07,13.118,15.41,13.064,13.469,270952.78602947,2.675712761091623,14.24,
2018-04-08,13.424,15.777,13.344,14.118,356589.14296288,5.169845053635287,14.56,
2018-04-09,14.097,15.75,13.164,13.863,398487.33936665,-1.6599276441796127,14.46,
2018-04-10,13.86308375,15.01,13.248,13.69,236957.70535903,-1.248522717753905,14.13,
2018-04-11,13.702,15.5,13.59,14.54697853,420102.63536049,6.166826229747486,14.54,
2018-04-12,14.583,16.93,13.596,16.151,1370268.41356895,10.752245765617499,15.26,
2018-04-13,16.161,17.92,15.469,15.6,1103717.6578288,-3.471319844069066,16.69,
2018-04-14,15.61,16.68,15.438,16.0887,491759.04931614,3.06662395900064,16.06,
2018-04-15,16.057,17.47,16.01,16.851,422783.23279217,4.944883851279819,16.74,
2018-04-16,16.851,17.14,15.558,16.171,516622.52690244,-4.035368820841492,16.35,
2018-04-17,16.23107761,17.08,15.7,16.04,555843.58735526,-1.1772330500242163,16.39,
2018-04-18,16.048,17.96,16.02,17.697,768727.1350407,10.275423728813566,16.99,
2018-04-19,17.697,18.61,17.15000011,18.362,591724.55521135,3.757699045035877,17.88,
2018-04-20,18.388,19.947,17.8,19.646,1317308.80340938,6.84141831629323,18.87,
2018-04-21,19.615,20.1,17.37477963,18.678,1176812.27660704,-4.776956410910007,18.74,
2018-04-22,18.676,19.9,18.20009114,18.709,465957.49940434,0.17669736560291954,19.05,
2018-04-23,18.73,20.92,18.657,20.66,1339587.01573042,10.304324612920448,19.79,
2018-04-24,20.449,23.19028478,20.2501,22.031,1411835.54435007,7.7363196244314985,21.72,
2018-04-25,22.0,22.224,17.873,18.609,2938583.64295073,-15.413636363636355,20.05,
2018-04-26,18.593,21.64,18.109,21.06,1389634.52210397,13.268434357016073,19.87,
2018-04-27,20.80104047,22.01,19.77,20.639,1473069.02739837,-0.7790017534637338,20.89,
2018-04-28,20.584,22.52,20.20430337,21.692,949336.58408785,5.382821609016715,21.36,
2018-04-29,21.683,22.45,20.3,21.741,903945.96594118,0.26749066088640794,21.38,
2018-04-30,21.741,23.0,21.2,21.8,1368432.98856598,0.27137666160710666,22.1,
2018-05-01,21.8,22.14999995,20.382,21.38989252,914218.9664181,-1.881226972477067,21.27,
2018-05-02,21.539,22.41,20.97,21.621,413136.75199269,0.38070476809507026,21.69,
2018-05-03,21.623,23.7,21.214,22.67,1659994.93751102,4.842066318272212,22.46,
2018-05-04,22.721,23.24,21.512,22.281,1059990.73555202,-1.9365344835174565,22.38,
2018-05-05,22.393,28.6,21.85190273,22.782,675706.48986415,1.7371500022328377,25.23,
2018-05-06,22.77,26.37,22.0892,25.319,2092018.37092765,11.194554238032497,24.23,
2018-05-07,25.0,26.07,22.308,23.519,1278321.37657477,-5.924000000000007,24.19,
2018-05-08,23.519,28.0,21.765,22.282,626825.34738377,-5.259577362983113,24.88,
2018-05-09,22.343,23.17,20.142,21.415,1123984.23076512,-4.153426128988949,21.66,
2018-05-10,21.38,22.59,19.47,19.6,981202.04556785,-8.325537885874638,21.03,
2018-05-11,19.87,20.3,16.7,17.698,2246318.40773242,-10.931051836940114,18.5,
2018-05-12,17.709,19.1989999,16.327,18.065,949600.05991927,2.0102772601502155,17.76,
2018-05-13,18.05,19.38,17.61,18.722,602111.46745014,3.722991689750696,18.49,
2018-05-14,18.706,19.36,17.325,18.7,772968.77959237,-0.03207526996685677,18.34,
2018-05-15,18.713,20.55,18.046,18.096,776959.13788151,-3.2971730882274395,19.3,
2018-05-16,18.053,18.73,16.779,17.71,800460.88202754,-1.8999612252811164,17.75,
2018-05-17,17.64,18.99999999,16.55,16.854,500633.33014301,-4.455782312925178,17.77,
2018-05-18,17.0193,18.31,16.52,17.93,443335.64539856,5.350983883003405,17.42,
2018-05-19,18.002,18.17,17.26897665,17.5309,256347.03992798,-2.6169314520608817,17.72,
2018-05-20,17.686,18.70888999,17.38187058,18.225,300225.44697908,3.047608277733809,18.05,
2018-05-21,18.191,18.55180991,17.34,17.568,219237.96069133,-3.4247704909020813,17.95,
2018-05-22,17.574,18.00943598,16.175,16.292,427050.14350575,-7.29486741777626,17.09,
2018-05-23,16.304,16.89289496,14.424,14.764,788183.09500549,-9.445534838076542,15.66,
2018-05-24,14.787,15.84,14.227,15.6893,640540.78856219,6.101981470210309,15.03,
2018-05-25,15.706,17.2,14.713,15.136,357504.44186462,-3.629186298229978,15.96,
2018-05-26,15.134,16.777,14.95,15.257,303854.94751734,0.812739526893084,15.86,
2018-05-27,15.257,15.6,14.889,15.153,220682.36177317,-0.6816543226060118,15.24,
2018-05-28,15.331,16.2,14.11,14.273,502265.53555421,-6.9010501598069265,15.16,
2018-05-29,14.59,15.99,14.057,15.163,472745.71995817,3.9273474982865,15.02,
2018-05-30,15.208,15.9999904,14.69,15.153,360840.29359894,-0.3616517622304032,15.34,
2018-05-31,15.152,15.9,14.9726699,15.305,317262.04492705,1.0097676874340054,15.44,
2018-06-01,15.292,15.85,15.012,15.395,259931.70934818,0.6735547998953686,15.43,
2018-06-02,15.407,16.46465117,15.20715483,15.846,398700.92506913,2.8493541896540537,15.84,
2018-06-03,15.798,16.75322799,15.64016396,16.205,427688.75111055,2.576275477908585,16.2,
2018-06-04,16.248,16.64809934,15.062,15.28342009,476838.21827149,-5.936607028557368,15.86,
2018-06-05,15.173,15.90000017,14.73,15.512,317920.85810536,2.2342318592236237,15.32,
2018-06-06,15.3745,15.900001,14.83107424,15.181,237961.54528483,-1.2585775147159273,15.37,
2018-06-07,15.187,15.64,15.01,15.175,221452.09562472,-0.07901494699413103,15.32,
2018-06-08,15.231,15.84,14.5,15.453,285978.9097612,1.4575536734291874,15.17,
2018-06-09,15.361,15.57808952,14.906,15.016,183187.49020038,-2.245947529457722,15.24,
2018-06-10,15.129,15.26,12.0,12.542,1300772.1090854,-17.099610020490445,13.63,
2018-06-11,12.542,14.06267754,12.19,12.874,676806.08167987,2.6471057247647964,13.13,
2018-06-12,12.894,16.605,12.729,14.734,5236354.42645274,14.270203195284628,14.67,
2018-06-13,14.75,16.29,12.5,13.81,2345167.89025617,-6.3728813559322,14.4,
2018-06-14,13.799,16.29,12.5,14.029,1684496.90699684,1.666787448365827,14.4,
2018-06-15,14.091,14.79999899,11.8,13.831,658551.3260583,-1.8451493861329913,13.3,
2018-06-16,13.834,15.5,11.2,14.78836626,847660.96223146,6.898700737313868,13.35,
2018-06-17,14.774,14.97940988,14.091,14.212,321825.33049596,-3.803979964803028,14.54,
2018-06-18,14.212,16.0,13.981,15.121,1347353.36518112,6.396003377427531,14.99,
2018-06-19,15.121,16.45,13.02078209,15.71534531,1577871.47508808,3.930595264863432,14.74,
2018-06-20,15.594,17.97,14.807,17.282,1785729.18935724,10.824676157496476,16.39,
2018-06-21,17.12469312,18.04,14.8415083,17.6,2148378.85023655,2.7755643658506712,16.44,
2018-06-22,17.592,17.96591487,14.15,14.475,3681150.60183676,-17.71828103683492,16.06,
2018-06-23,14.476,16.07463311,14.18,15.158,924133.95906601,4.711246200607893,15.13,
2018-06-24,14.789,15.6999999,13.112,14.848,2249457.27856412,0.3989451619446957,14.41,
2018-06-25,14.848,16.249,14.643,15.869,1575916.1161362,6.876346982758613,15.45,
2018-06-26,15.87,16.1,14.76,14.848,1093647.30984046,-6.439823566477622,15.43,
2018-06-27,14.813,15.84,13.5,15.481,1246920.72339971,4.509552420171466,14.67,
2018-06-28,15.49,15.9,14.0,15.35,693972.98390306,-0.903808908973535,14.95,
2018-06-29,14.524,15.71283416,13.0,15.288,1077571.73292321,5.260258881850738,14.36,
2018-06-30,15.288,16.901,13.9999999,16.165,1509995.17836324,5.736525379382515,15.45,
2018-07-01,16.165,16.45,13.5099001,15.9208,771301.90312964,-1.5106712032168224,14.98,
2018-07-02,16.008,17.1,15.52,16.66,844177.26182844,4.072963518240886,16.31,
2018-07-03,16.6469802,17.17,13.95480686,16.168,717605.97399328,-2.877279808382317,15.56,
2018-07-04,16.168,17.53,13.51083219,16.884,734849.40057564,4.428500742206835,15.52,
2018-07-05,16.85,17.6,13.89843812,17.6,752313.38517541,4.451038575667655,15.75,
2018-07-06,17.38,18.502,15.1,18.317,1852711.66912922,5.3912543153049555,16.8,
2018-07-07,18.328,18.994,14.5082467,18.701,1116671.9318014,2.035137494543873,16.75,
2018-07-08,18.701,18.999,18.05,18.285,629071.03008683,-2.224479974332925,18.52,
2018-07-09,18.28,18.8,14.5082468,18.194,693300.22562695,-0.4704595185995737,16.65,
2018-07-10,18.194,18.51000003,15.859,16.068,1703871.62708111,-11.685170935473222,17.18,
2018-07-11,16.062,17.22899996,15.41,16.46,832373.99267104,2.477898144689327,16.32,
2018-07-12,16.56,17.08809261,15.651,16.334,642888.72226475,-1.364734299516903,16.37,
2018-07-13,16.362,17.237694,16.0,16.257,861717.4490837,-0.6417308397506227,16.62,
2018-07-14,16.249,16.9,16.014,16.39,334163.09404161,0.8677457074281605,16.46,
2018-07-15,16.4667,17.14299992,16.253,16.65,300050.82775626,1.113155641385336,16.7,
2018-07-16,16.664,17.645,16.2,17.353,789399.47026815,4.134661545847336,16.92,
2018-07-17,17.375,18.252,16.00000001,17.8,988970.64996636,2.4460431654676302,17.13,
2018-07-18,17.806,18.39,16.0,17.34,740445.65336905,-2.617095361114237,17.2,
2018-07-19,17.336,17.832,15.60622492,17.403,455215.051705,0.3864790032302733,16.72,
2018-07-20,17.421,17.674,15.5,16.024,1110451.58632503,-8.019057459388087,16.59,
2018-07-21,16.023,16.71570866,15.0,16.4107,308061.25197383,2.4196467577856757,15.86,
2018-07-22,16.308,16.6,14.02450501,16.1167,253120.3577806,-1.1730439048319736,15.31,
2018-07-23,16.123,16.771,14.9,16.0843,438327.47696534,-0.24002977113441776,15.84,
2018-07-24,16.025,16.85,14.6,16.63,683670.40733309,3.775351014040565,15.73,
2018-07-25,16.624,17.00000001,14.0,16.511,372529.33371236,-0.6797401347449444,15.5,
2018-07-26,16.511,17.476,14.0,16.659,616087.19938502,0.8963721155593223,15.74,
2018-07-27,16.651,17.3,16.25920476,17.057,427306.01465319,2.438291994474799,16.78,
2018-07-28,17.074,17.24,15.5099,17.043,169508.92575298,-0.18156260981610844,16.37,
2018-07-29,17.043,17.098,15.5174,16.887,155026.92509097,-0.9153318077803134,16.31,
2018-07-30,16.9,17.4,15.51,17.1365,467761.38125469,1.3994082840236868,16.45,
2018-07-31,17.0741,17.33078598,15.784,16.173,564779.9220695,-5.277584177204087,16.56,
2018-08-01,16.178,16.67485625,14.9,15.472,593440.42474226,-4.363951044628515,15.79,
2018-08-02,15.481,16.39999438,14.551,15.0059,474670.66889108,-3.0689231961759535,15.48,
2018-08-03,14.915,18.0,14.074,16.556,1413608.98881826,11.002346630908495,16.04,
2018-08-04,16.555,17.51472,15.748,16.424,830948.41289268,-0.7913017215342811,16.63,
2018-08-05,16.459,18.55,15.90600769,17.666,747092.88107348,7.333373838021756,17.23,
2018-08-06,17.667,19.421,17.04,18.75,1910437.14510155,6.1300730174902265,18.23,
2018-08-07,18.751,21.25,16.8,17.261,3965678.45859312,-7.9462428670471015,19.02,
2018-08-08,17.261,18.0,14.52,15.117,2663100.39712226,-12.42106482822547,16.26,
2018-08-09,15.147,16.737,14.3,15.2,1198265.15033047,0.3499042714728926,15.52,
2018-08-10,15.2,16.09999985,13.7,14.24,1311708.48376785,-6.315789473684205,14.9,
2018-08-11,14.4641,15.73897825,12.321,13.217,1453062.79864807,-8.622036628618439,14.03,
2018-08-12,13.188,14.84792054,12.794,13.17,691277.87981196,-0.13648771610555568,13.82,
2018-08-13,13.17,14.4999975,11.815,11.918,1023999.74879925,-9.506454062262723,13.16,
2018-08-14,11.917,12.84722223,10.1,11.799,2381449.60340146,-0.9901820928085956,11.47,
2018-08-15,12.20000002,13.55894191,11.6,13.14,2422568.3874538,7.704917856221457,12.58,
2018-08-16,13.2373837,15.34203055,12.8,13.874,3992753.5372378,4.809230543041522,14.07,
2018-08-17,13.886,14.94,12.974,14.82,3765477.47003927,6.726199049402283,13.96,
2018-08-18,14.82,14.86,12.5,13.28,2261601.6917271,-10.391363022941977,13.68,
2018-08-19,13.29,13.95999999,12.792,13.37,1207157.89467759,0.6019563581640337,13.38,
2018-08-20,13.37,13.8,12.0,12.37,1387740.51453101,-7.479431563201197,12.9,
2018-08-21,12.38,13.30149442,12.0,12.77,841563.81370983,3.150242326332785,12.65,
2018-08-22,12.77,13.55,11.78,12.204,1940732.52736223,-4.43226311667971,12.66,
2018-08-23,12.22,13.0,11.942,12.52,741624.9314956,2.4549918166939353,12.47,
2018-08-24,12.52,12.89854594,12.21,12.6,547544.34155032,0.6389776357827481,12.55,
2018-08-25,12.57,12.9,12.3,12.54,444870.21811315,-0.23866348448688254,12.6,
2018-08-26,12.45,12.79999999,11.99,12.47,977534.24389288,0.16064257028113535,12.39,
2018-08-27,12.47,12.75629998,12.00989999,12.69,1486526.33884443,1.764234161988764,12.38,
2018-08-28,12.724,13.63606664,12.4,13.24,1162879.88839442,4.055328513046212,13.02,
2018-08-29,13.194,13.41332925,12.71006386,12.99,791115.51855138,-1.54615734424739,13.06,
2018-08-30,13.03,13.20848998,12.4,12.85,706786.46358314,-1.3814274750575573,12.8,
2018-08-31,12.86,13.18691798,12.452,12.74,578419.13933307,-0.9331259720062148,12.82,
2018-09-01,12.72,14.0,12.62047605,13.24,684564.38173637,4.088050314465405,13.31,
2018-09-02,13.189,13.76923,12.95,13.34,600997.47923982,1.1448934718325863,13.36,
2018-09-03,13.35,14.79,13.102,14.1,1987497.36361738,5.617977528089887,13.95,
2018-09-04,14.1,14.544,13.6,14.05,706234.67785038,-0.35460992907800665,14.07,
2018-09-05,13.96,14.50633933,11.69,11.8,2128197.53498055,-15.472779369627506,13.1,
2018-09-06,11.75,12.50373338,11.001,12.05,1655172.68096849,2.553191489361708,11.75,
2018-09-07,11.985,12.76923,11.37,11.61,743771.84240534,-3.128911138923655,12.07,
2018-09-08,11.58,12.36961764,10.63,10.99,940292.54353623,-5.094991364421415,11.5,
2018-09-09,10.98,12.28,10.83,11.181,852535.49347909,1.8306010928961634,11.56,
2018-09-10,11.207,11.98341897,10.93,11.28,609739.31143979,0.65137860265904,11.46,
2018-09-11,11.31,12.77,10.712,11.25,670307.55366334,-0.5305039787798452,11.74,
2018-09-12,11.26,11.81000001,9.84,10.701,1748697.6985421,-4.964476021314381,10.83,
2018-09-13,10.85,12.5,10.66,11.103,1075113.97256675,2.3317972350230427,11.58,
2018-09-14,11.087,11.72120915,10.792,10.92,722622.01060104,-1.5062686028682224,11.26,
2018-09-15,10.953,11.99139855,10.87,11.32,528522.41381389,3.3506801789464156,11.43,
2018-09-16,11.274,11.69,10.91,11.2,358630.10549994,-0.6563775057654767,11.3,
2018-09-17,11.23,11.8,10.0,10.28,1002791.21811518,-8.459483526268933,10.9,
2018-09-18,10.29,11.40754112,10.184,10.532,754938.78497519,2.3517978620019524,10.8,
2018-09-19,10.69,11.5,10.198,10.76,1001717.19605447,0.6548175865294695,10.85,
2018-09-20,10.781,11.767,10.55,11.12,735646.41333771,3.1444207401910638,11.16,
2018-09-21,11.155,11.99,10.9696022,11.714,1358171.06524246,5.0112057373375265,11.48,
2018-09-22,11.68,11.97907245,11.0,11.456,792487.18932001,-1.917808219178084,11.49,
2018-09-23,11.41,12.139,11.262,11.59,515350.84929097,1.5775635407537223,11.7,
2018-09-24,11.55,11.8943299,10.91005461,11.052,664739.17947655,-4.311688311688322,11.4,
2018-09-25,11.048,11.62000001,10.38,11.06,1297691.37598821,0.10861694424330608,11.0,
2018-09-26,11.105,11.62,10.806,10.97,856235.24106127,-1.2156686177397549,11.21,
2018-09-27,11.0,11.74812323,10.72,11.41,988237.19140158,3.7272727272727284,11.23,
2018-09-28,11.42,11.69,11.01749431,11.21,682014.27261062,-1.8388791593695193,11.35,
2018-09-29,11.19,11.63600064,10.958,11.39,522580.90048721,1.787310098302065,11.3,
2018-09-30,11.35,11.61999998,5.95,11.29,355846.0392954,-0.5286343612334846,8.78,
2018-10-01,11.345,11.8811999,10.987,11.21,348158.09645786,-1.1899515204936075,11.43,
2018-10-02,11.2,11.43998756,11.001,11.147,356589.87175763,-0.47321428571427726,11.22,
2018-10-03,11.1,11.37724673,10.8,11.06,409025.28032712,-0.3603603603603527,11.09,
2018-10-04,11.1,11.9822902,10.911,11.096,318233.39578995,-0.03603603603603207,11.45,
2018-10-05,11.097,11.333,10.851,11.111,253021.87890679,0.12616022348383457,11.09,
2018-10-06,11.112,11.23320001,10.782,11.035,215353.2777567,-0.6929445644348448,11.01,
2018-10-07,10.954,11.333,10.602,10.944,248323.90600995,-0.09129085265656187,10.97,
2018-10-08,10.89,11.2,10.62,10.95,252831.55841895,0.5509641873278119,10.91,
2018-10-09,10.9,11.30119189,10.722,10.83,181315.432288,-0.6422018348623879,11.01,
2018-10-10,10.84,11.20528208,10.543,10.77,228990.57397946,-0.6457564575645782,10.87,
2018-10-11,10.92,11.04000047,8.89,9.06,1701851.41122326,-17.03296703296703,9.97,
2018-10-12,9.06,10.777,8.899,9.44,597775.09114961,4.194260485651203,9.84,
2018-10-13,9.43,10.2,9.271,9.45,234463.74017534,0.2120890774125087,9.74,
2018-10-14,9.44,10.17354176,9.18,9.238,211686.91428541,-2.1398305084745757,9.68,
2018-10-15,9.4962,11.124,9.024,9.55,1817593.31653253,0.5665424064362665,10.07,
2018-10-16,9.54,10.183,9.126,9.55,234125.60486961,0.10482180293502688,9.65,
2018-10-17,9.53,10.337,9.35,9.67,389168.79876463,1.4690451206715696,9.84,
2018-10-18,9.68,10.18857107,9.327,9.48,272476.14725435,-2.0661157024793315,9.76,
2018-10-19,9.5,10.1181058,9.29,9.5,218355.64710668,0.0,9.7,
2018-10-20,9.5,10.2,9.412,9.55,97218.89321433,0.5263157894736916,9.81,
2018-10-21,9.54,10.09791,9.454,9.7596,167993.70925232,2.301886792452847,9.78,
2018-10-22,9.51,10.67,9.468,9.9,687207.81040567,4.100946372239753,10.07,
2018-10-23,9.9,10.61999997,9.32,9.71,458164.51943322,-1.9191919191919142,9.97,
2018-10-24,9.71,10.34548907,9.61,9.92046,357178.61026427,2.167456230690004,9.98,
2018-10-25,9.63,10.19699998,9.415,9.765,193329.20761911,1.4018691588785024,9.81,
2018-10-26,9.58,10.16,9.26,9.54,233783.02717379,-0.41753653444677374,9.71,
2018-10-27,9.56,10.10998864,9.21,9.56,142827.56261085,0.0,9.66,
2018-10-28,9.56,10.04999998,9.22,9.52,224006.36037494,-0.4184100418410139,9.63,
2018-10-29,9.51,10.04999998,8.792,9.0,775391.50855834,-5.362776025236591,9.42,
2018-10-30,9.0,9.576,8.82,8.95,356188.20991925,-0.5555555555555635,9.2,
2018-10-31,8.96,9.50849829,8.711,9.0657,431118.56748072,1.1796874999999865,9.11,
2018-11-01,9.0657,9.49248313,8.92,9.03,194288.64722946,-0.39379198517489317,9.21,
2018-11-02,9.03,9.4851102,8.61,9.1,312758.8298112,0.7751937984496156,9.05,
2018-11-03,9.199,9.46999998,8.50993519,9.08,159859.40884368,-1.2936188716164776,8.99,
2018-11-04,9.09,9.9,9.03,9.43,482907.84811026,3.740374037403739,9.46,
2018-11-05,9.44,9.88769573,9.15,9.41,331449.58216398,-0.3177966101694848,9.52,
2018-11-06,9.39,10.13902561,9.334,9.97,640874.43493008,6.176783812566561,9.74,
2018-11-07,10.015,10.11,9.45,9.59,622373.61156892,-4.243634548177741,9.78,
2018-11-08,9.61,9.98,9.31,9.5085,340055.9823288,-1.056191467221641,9.64,
2018-11-09,9.41,9.91923408,9.31,9.41,236970.05381663,0.0,9.61,
2018-11-10,9.4,9.99398136,9.358,9.53,106224.18271873,1.3829787234042445,9.68,
2018-11-11,9.4,9.85188126,8.891,9.2999,328330.33904143,-1.0648936170212893,9.37,
2018-11-12,9.2997,9.64097883,9.044,9.07,254883.68419124,-2.469972149639229,9.34,
2018-11-13,9.09,9.57551027,8.85,8.9,295238.71294113,-2.0902090209020847,9.21,
2018-11-14,9.1899,9.6343454,6.46,7.81,3068719.82589932,-15.015397338382355,8.05,
2018-11-15,7.82,8.93994978,6.93,7.65,1927960.65187485,-2.17391304347826,7.93,
2018-11-16,7.62,8.54632371,7.27,7.38,354710.00341964,-3.1496062992126013,7.91,
2018-11-17,7.38,8.11979995,6.92842105,7.469,214774.83508455,1.2059620596206018,7.52,
2018-11-18,7.4701,8.13644996,7.269,7.5229,339909.30816569,0.706817847150634,7.7,
2018-11-19,7.39,8.01280001,5.906,6.2742,2702516.83970901,-15.098782138024347,6.96,
2018-11-20,6.2821,6.88044986,4.935,5.65,4669986.30185209,-10.061921968768397,5.91,
2018-11-21,5.6515,6.41,5.19,5.68,1245181.04796329,0.5042908962222296,5.8,
2018-11-22,5.64,6.49999997,5.13,5.18,689820.75448567,-8.156028368794326,5.81,
2018-11-23,5.3008,5.93938485,4.863,5.12,1169008.77935432,-3.4108059160881306,5.4,
2018-11-24,5.12,6.99998999,4.07,4.8396,1326340.99054351,-5.4765625000000036,5.53,
2018-11-25,4.8395,5.40974344,4.07,4.66,2172163.8495265,-3.7090608533939453,4.74,
2018-11-26,4.67,5.2431956,4.07,4.3942,2092965.77569367,-5.9057815845824475,4.66,
2018-11-27,4.3962,4.9,2.08,4.47,1432334.38795333,1.6787225330967521,3.49,
2018-11-28,4.5938,5.64999999,0.37,4.97,1604534.0174293,8.189298619878965,3.01,
2018-11-29,5.0448,5.39999885,4.67,4.9707,1031007.85058126,-1.4688392007611895,5.03,
2018-11-30,4.86,5.29889677,4.405,4.6239,1126918.1697454,-4.858024691358033,4.85,
2018-12-01,4.6218,5.26444218,4.08,4.78,1454028.57784432,3.422908823402135,4.67,
2018-12-02,4.9003,6.30757296,4.739,5.09,1441860.26779532,3.8711915597004305,5.52,
2018-12-03,5.108,5.576202,4.41,4.435,1677703.2685267,-13.175411119812061,4.99,
2018-12-04,4.45,5.19702791,3.03,4.4385,1542869.43274038,-0.2584269662921313,4.11,
2018-12-05,4.35,4.89999997,3.902,3.951,1782152.51518684,-9.17241379310344,4.4,
2018-12-06,4.0367,4.48,3.346,3.5341,2247786.62051387,-12.450764238115287,3.91,
2018-12-07,3.545,5.4119,3.18,3.82,2793926.93519082,7.757404795486599,4.3,
2018-12-08,3.81,5.0,3.48,3.775,2073664.68414674,-0.9186351706036784,4.24,
2018-12-09,3.902,4.47055321,3.74,3.9,1631466.5992303,-0.05125576627371153,4.11,
2018-12-10,4.0108,4.28999997,3.42,3.82,1326816.76027306,-4.757155679664902,3.85,
2018-12-11,3.802,4.28,3.48,3.67,1493361.31055524,-3.471856917411892,3.88,
2018-12-12,3.7509,4.19999873,3.59,3.9679,942167.56218091,5.785278199898693,3.89,
2018-12-13,3.9648,4.19880987,3.52,3.82,1070462.25403472,-3.6521388216303485,3.86,
2018-12-14,3.9264,4.17898822,3.48,3.677,1163593.31922501,-6.351874490627549,3.83,
2018-12-15,3.7736,4.0292,3.45,3.559,733403.20701895,-5.686877252490987,3.74,
2018-12-16,3.6771,3.99855862,3.529,3.56,613889.08020401,-3.1845748007940973,3.76,
2018-12-17,3.56,4.4,3.52,3.95,1549413.75563293,10.955056179775283,3.96,
2018-12-18,4.0864,4.37,3.56,4.17,1044708.61199374,2.0458104933437666,3.96,
2018-12-19,4.2946,5.1,4.12,4.33,1591288.96373734,0.8242909700554208,4.61,
2018-12-20,4.33,5.14860338,4.23,4.74,1359882.26800519,9.468822170900696,4.69,
2018-12-21,4.898,5.1,3.6,4.6294,1027612.66328836,-5.483870967741921,4.35,
2018-12-22,4.6309,4.99890103,4.26,4.662,695610.7405518,0.6715757196225431,4.63,
2018-12-23,4.8171,5.24919986,4.61,4.87,995277.8891941,1.0981710987938837,4.93,
2018-12-24,4.86,5.70000002,4.86,5.11,1490541.442957,5.144032921810699,5.28,
2018-12-25,5.09,5.42565593,3.9,4.69,1354355.90770126,-7.858546168958733,4.66,
2018-12-26,4.81922895,5.78000278,4.638,5.45,1618132.22643444,13.088630080544315,5.21,
2018-12-27,5.59693867,6.57,4.633,4.75,2416180.82343162,-15.132177069219166,5.6,
2018-12-28,4.75,5.71457879,4.641,5.2396,1428082.57803386,10.307368421052637,5.18,
2018-12-29,5.2404,5.69999945,4.961,5.303,876300.92937463,1.1945653003587469,5.33,
2018-12-30,5.2943,5.66590096,4.8673,5.2548,528164.4323421,-0.7460854126135547,5.27,
2018-12-31,5.25,5.60307962,4.7536,4.8413,500898.27044428,-7.784761904761897,5.18,
2019-01-01,5.1558,5.6,4.8067,5.4676,503156.10146518,6.047558089918147,5.2,
2019-01-02,5.4828,5.78058896,5.1267,5.35,657558.19991673,-2.422120084628301,5.45,
2019-01-03,5.35,5.8,4.7673,5.0312,549465.29813398,-5.958878504672889,5.28,
2019-01-04,5.21,5.78,4.9802,5.22,488353.89290521,0.19193857965450647,5.38,
2019-01-05,5.2333,5.79749797,5.057,5.11,360452.88070222,-2.356065962203572,5.43,
2019-01-06,5.2437,5.89496936,4.8902,5.4566,804693.99403999,4.060110227511115,5.39,
2019-01-07,5.6227,5.89317141,4.804,4.8472,1218556.50747859,-13.792306187418857,5.35,
2019-01-08,4.98,5.45,4.79,4.9358,1125532.57846883,-0.8875502008032131,5.12,
2019-01-09,4.97,5.43919975,4.885,5.0443,548481.16911546,1.4949698189134817,5.16,
2019-01-10,5.0475,5.4566,4.165,4.4787,1174041.78638308,-11.26894502228827,4.81,
2019-01-11,4.3753,5.0,4.316,4.4115,670737.0852381,0.8273718373597241,4.66,
2019-01-12,4.4108,5.15782189,4.058,4.4995,529115.58407863,2.010973066110461,4.61,
2019-01-13,4.5995,4.90904212,4.112,4.1801,485880.88825544,-9.11838243287313,4.51,
2019-01-14,4.1795,4.89220564,4.164,4.3759,541041.80305999,4.699126689795423,4.53,
2019-01-15,4.4335,6.777,4.0798,4.1507,553216.04539712,-6.378707567384703,5.43,
2019-01-16,4.1531,4.913,4.145,4.3532,461794.99578312,4.818087693530133,4.53,
2019-01-17,4.3599,4.89029981,4.213,4.4553,518491.33600926,2.1881235808160877,4.55,
2019-01-18,4.544,4.88888888,4.2333,4.3383,253596.22686814,-4.526848591549281,4.56,
2019-01-19,4.4226,4.87,4.333,4.3633,377499.63908917,-1.3408402297291266,4.6,
2019-01-20,4.4562,4.8,4.14,4.39,552323.81472006,-1.4855706655895216,4.47,
2019-01-21,4.2682,4.77158893,4.0901,4.65968762,316044.64467262,9.172194836230716,4.43,
2019-01-22,4.2803,4.76999999,4.05,4.2851,347858.37336383,0.112141672312676,4.41,
2019-01-23,4.3581,4.74038794,4.1132,4.2523,480243.31292706,-2.4276634313118177,4.43,
2019-01-24,4.3473,4.6786526,4.19,4.2675,240233.60989666,-1.8356221102753354,4.43,
2019-01-25,4.3669,4.81,4.2156,4.3151,305413.99402634,-1.1861961574572366,4.51,
2019-01-26,4.315,4.80923045,4.0904,4.3422,204410.85168462,0.6303592120509771,4.45,
2019-01-27,4.343,4.78780507,4.1026,4.32,293115.94974879,-0.5295878425051735,4.45,
2019-01-28,4.2503,4.63880938,3.754,3.96,745855.94341881,-6.830106110156935,4.2,
2019-01-29,3.8968,4.4,3.804,3.9483,318510.72734725,1.3215972079655185,4.1,
2019-01-30,3.9485,77.7,3.8146,3.9475,369701.65228449,-0.025326073192359987,40.76,
2019-01-31,3.95,4.37816461,3.855,4.0066,263814.1123233,1.4329113924050516,4.12,
2019-02-01,4.0066,4.38999899,3.807,3.8673,402746.43898097,-3.476763340488183,4.1,
2019-02-02,3.89,4.3042121,3.8467,4.0554,234350.99379898,4.251928020565541,4.08,
2019-02-03,4.0539,4.25995313,3.8058,3.8459,318153.11169936,-5.130861639408958,4.03,
2019-02-04,3.8447,4.27418,3.802,3.8209,155540.3887265,-0.6190339948500544,4.04,
2019-02-05,3.8182,4.22799999,3.806,3.84,104172.24969999,0.5709496621444612,4.02,
2019-02-06,3.907,4.3,3.615,3.8006,590360.97745746,-2.723317123112358,3.96,
2019-02-07,3.8007,4.11360377,3.6633,3.8043,392069.67471594,0.09471939379588096,3.89,
2019-02-08,3.809,4.391,3.0,4.087,800339.09531079,7.298503544237321,3.7,
2019-02-09,4.091,4.35800187,3.9596,4.0346,392512.24083779,-1.3786360303104377,4.16,
